{
  "coral_splits": {
    "train_corals": 1706,
    "val_corals": 362,
    "test_corals": 372
  },
  "dataset_sizes": {
    "train_triplets": 17320,
    "val_triplets": 3655,
    "test_triplets": 3700
  },
  "final_performance": {
    "best_val_loss": 0.11347299397772577,
    "test_loss": 0.1012055220018173,
    "test_accuracy": 0.9280711206896551,
    "best_model_path": "dinov2_coral_best_model_20251014_183603.pt"
  }
}